{"cameraMode":{"drawMode":0,"name":"Shaded","section":"Shading Mode"},"sceneLighting":false,"audioPlay":false,"sceneViewState":{"m_AlwaysRefresh":false,"showFog":true,"showSkybox":true,"showFlares":true,"showImageEffects":true,"showParticleSystems":true,"showVisualEffectGraphs":true,"m_FxEnabled":true},"in2DMode":false,"pivot":{"x":-6.648739814758301,"y":5.035713195800781,"z":54.72587203979492},"rotation":{"x":-0.14455413818359376,"y":0.49890682101249697,"z":-0.08483068645000458,"w":-0.8503073453903198},"size":0.014763792976737023,"orthographic":false}