{"cameraMode":{"drawMode":0,"name":"Shaded","section":"Shading Mode"},"sceneLighting":false,"audioPlay":false,"sceneViewState":{"m_AlwaysRefresh":false,"showFog":true,"showSkybox":true,"showFlares":true,"showImageEffects":true,"showParticleSystems":true,"showVisualEffectGraphs":true,"m_FxEnabled":true},"in2DMode":false,"pivot":{"x":-41.39276123046875,"y":8.988987922668457,"z":45.96745300292969},"rotation":{"x":0.029824748635292054,"y":0.9698653221130371,"z":-0.18402478098869325,"w":0.15757402777671815},"size":0.8660253882408142,"orthographic":false}