{"cameraMode":{"drawMode":0,"name":"Shaded","section":"Shading Mode"},"sceneLighting":false,"audioPlay":false,"sceneViewState":{"m_AlwaysRefresh":false,"showFog":true,"showSkybox":true,"showFlares":true,"showImageEffects":true,"showParticleSystems":true,"showVisualEffectGraphs":true,"m_FxEnabled":true},"in2DMode":false,"pivot":{"x":-37.45130157470703,"y":0.6485419869422913,"z":47.59977340698242},"rotation":{"x":0.03135211020708084,"y":0.9448337554931641,"z":-0.09468213468790055,"w":0.3121265470981598},"size":0.20761089026927949,"orthographic":false}