{"cameraMode":{"drawMode":0,"name":"Shaded","section":"Shading Mode"},"sceneLighting":false,"audioPlay":false,"sceneViewState":{"m_AlwaysRefresh":false,"showFog":true,"showSkybox":true,"showFlares":true,"showImageEffects":true,"showParticleSystems":true,"showVisualEffectGraphs":true,"m_FxEnabled":true},"in2DMode":false,"pivot":{"x":-17.962343215942384,"y":5.299581050872803,"z":45.78253173828125},"rotation":{"x":0.007561888080090284,"y":-0.7006816864013672,"z":-0.007428213953971863,"w":-0.7134308815002441},"size":0.20761089026927949,"orthographic":false}