{"cameraMode":{"drawMode":0,"name":"Shaded","section":"Shading Mode"},"sceneLighting":false,"audioPlay":false,"sceneViewState":{"m_AlwaysRefresh":false,"showFog":true,"showSkybox":true,"showFlares":true,"showImageEffects":true,"showParticleSystems":true,"showVisualEffectGraphs":true,"m_FxEnabled":true},"in2DMode":false,"pivot":{"x":-0.008422411046922207,"y":3.3440351486206056,"z":11.004619598388672},"rotation":{"x":-0.03040054813027382,"y":-0.9683239459991455,"z":0.19881364703178407,"w":-0.1481410712003708},"size":0.01888207718729973,"orthographic":false}