{"cameraMode":{"drawMode":0,"name":"Shaded","section":"Shading Mode"},"sceneLighting":false,"audioPlay":false,"sceneViewState":{"m_AlwaysRefresh":false,"showFog":true,"showSkybox":true,"showFlares":true,"showImageEffects":true,"showParticleSystems":true,"showVisualEffectGraphs":true,"m_FxEnabled":true},"in2DMode":false,"pivot":{"x":-6.0011467933654789,"y":9.738541603088379,"z":28.144271850585939},"rotation":{"x":0.20154322683811189,"y":-0.7191221117973328,"z":0.23384928703308106,"w":0.6227564215660095},"size":0.3351363241672516,"orthographic":false}