{"cameraMode":{"drawMode":0,"name":"Shaded","section":"Shading Mode"},"sceneLighting":false,"audioPlay":false,"sceneViewState":{"m_AlwaysRefresh":false,"showFog":true,"showSkybox":true,"showFlares":true,"showImageEffects":true,"showParticleSystems":true,"showVisualEffectGraphs":true,"m_FxEnabled":true},"in2DMode":false,"pivot":{"x":-9.658312797546387,"y":-0.08345863968133927,"z":-30.95263671875},"rotation":{"x":-0.007500175386667252,"y":0.004509498830884695,"z":-0.00003295109127066098,"w":-0.999963641166687},"size":0.002236725762486458,"orthographic":false}