{"cameraMode":{"drawMode":0,"name":"Shaded","section":"Shading Mode"},"sceneLighting":false,"audioPlay":false,"sceneViewState":{"m_AlwaysRefresh":false,"showFog":true,"showSkybox":true,"showFlares":true,"showImageEffects":true,"showParticleSystems":true,"showVisualEffectGraphs":true,"m_FxEnabled":true},"in2DMode":false,"pivot":{"x":-9.319046020507813,"y":4.214216709136963,"z":44.29551315307617},"rotation":{"x":0.013382850214838982,"y":-0.8296329975128174,"z":0.020281553268432618,"w":0.5579104423522949},"size":0.20761089026927949,"orthographic":false}