{"cameraMode":{"drawMode":0,"name":"Shaded","section":"Shading Mode"},"sceneLighting":false,"audioPlay":false,"sceneViewState":{"m_AlwaysRefresh":false,"showFog":true,"showSkybox":true,"showFlares":true,"showImageEffects":true,"showParticleSystems":true,"showVisualEffectGraphs":true,"m_FxEnabled":true},"in2DMode":false,"pivot":{"x":4.434739112854004,"y":3.2092390060424806,"z":9.298056602478028},"rotation":{"x":-0.019183818250894548,"y":-0.97312331199646,"z":0.21199844777584077,"w":-0.08812227845191956},"size":0.020787566900253297,"orthographic":false}