{"cameraMode":{"drawMode":0,"name":"Shaded","section":"Shading Mode"},"sceneLighting":false,"audioPlay":false,"sceneViewState":{"m_AlwaysRefresh":false,"showFog":true,"showSkybox":true,"showFlares":true,"showImageEffects":true,"showParticleSystems":true,"showVisualEffectGraphs":true,"m_FxEnabled":true},"in2DMode":false,"pivot":{"x":7.048009395599365,"y":6.282329559326172,"z":21.77351951599121},"rotation":{"x":0.020358256995677949,"y":-0.9796866774559021,"z":0.14205589890480042,"w":0.14024828374385835},"size":0.01888207718729973,"orthographic":false}