{"cameraMode":{"drawMode":0,"name":"Shaded","section":"Shading Mode"},"sceneLighting":false,"audioPlay":false,"sceneViewState":{"m_AlwaysRefresh":false,"showFog":true,"showSkybox":true,"showFlares":true,"showImageEffects":true,"showParticleSystems":true,"showVisualEffectGraphs":true,"m_FxEnabled":true},"in2DMode":false,"pivot":{"x":-34.29899978637695,"y":-1.2859047651290894,"z":45.610713958740237},"rotation":{"x":-0.005061166360974312,"y":-0.9795528054237366,"z":0.023765994235873224,"w":-0.20008188486099244},"size":0.20761089026927949,"orthographic":false}