{"cameraMode":{"drawMode":0,"name":"Shaded","section":"Shading Mode"},"sceneLighting":false,"audioPlay":false,"sceneViewState":{"m_AlwaysRefresh":false,"showFog":true,"showSkybox":true,"showFlares":true,"showImageEffects":true,"showParticleSystems":true,"showVisualEffectGraphs":true,"m_FxEnabled":true},"in2DMode":false,"pivot":{"x":-7.07187032699585,"y":-0.1771264374256134,"z":-25.430051803588868},"rotation":{"x":-0.007500175386667252,"y":0.004509498830884695,"z":-0.00003295109127066098,"w":-0.999963641166687},"size":0.00850188173353672,"orthographic":false}