{"cameraMode":{"drawMode":0,"name":"Shaded","section":"Shading Mode"},"sceneLighting":false,"audioPlay":false,"sceneViewState":{"m_AlwaysRefresh":false,"showFog":true,"showSkybox":true,"showFlares":true,"showImageEffects":true,"showParticleSystems":true,"showVisualEffectGraphs":true,"m_FxEnabled":true},"in2DMode":false,"pivot":{"x":-5.4010443687438969,"y":11.404580116271973,"z":48.997676849365237},"rotation":{"x":0.03325887396931648,"y":-0.9663863182067871,"z":0.17532868683338166,"w":0.1855844110250473},"size":0.3351363241672516,"orthographic":false}